{
  "id": "1632059",
  "name": "layui-extend-IDC图标",
  "font_family": "iconfont",
  "css_prefix_text": "layui-extend-",
  "description": "",
  "glyphs": [
    {
      "icon_id": "60626",
      "name": "资料",
      "font_class": "ziliao",
      "unicode": "e618",
      "unicode_decimal": 58904
    },
    {
      "icon_id": "233862",
      "name": "api",
      "font_class": "iconfontweibiaoti1015",
      "unicode": "e625",
      "unicode_decimal": 58917
    },
    {
      "icon_id": "435164",
      "name": "销售佣金",
      "font_class": "shou",
      "unicode": "e602",
      "unicode_decimal": 58882
    },
    {
      "icon_id": "442445",
      "name": "cdn",
      "font_class": "cdn",
      "unicode": "e608",
      "unicode_decimal": 58888
    },
    {
      "icon_id": "456322",
      "name": "插件",
      "font_class": "chajian",
      "unicode": "e717",
      "unicode_decimal": 59159
    },
    {
      "icon_id": "1188836",
      "name": "主机",
      "font_class": "zhuji",
      "unicode": "e60f",
      "unicode_decimal": 58895
    },
    {
      "icon_id": "2642773",
      "name": "改密",
      "font_class": "change-psw",
      "unicode": "e799",
      "unicode_decimal": 59289
    },
    {
      "icon_id": "2670287",
      "name": "代理",
      "font_class": "daili",
      "unicode": "e616",
      "unicode_decimal": 58902
    },
    {
      "icon_id": "4130659",
      "name": "消费",
      "font_class": "xiaofei",
      "unicode": "e603",
      "unicode_decimal": 58883
    },
    {
      "icon_id": "4468402",
      "name": "IDC",
      "font_class": "IDC",
      "unicode": "e62a",
      "unicode_decimal": 58922
    },
    {
      "icon_id": "4612088",
      "name": "财务",
      "font_class": "zujianku-",
      "unicode": "e643",
      "unicode_decimal": 58947
    },
    {
      "icon_id": "6286179",
      "name": "订单",
      "font_class": "icon-",
      "unicode": "e600",
      "unicode_decimal": 58880
    },
    {
      "icon_id": "7596670",
      "name": "支付",
      "font_class": "zhifu",
      "unicode": "e62e",
      "unicode_decimal": 58926
    },
    {
      "icon_id": "7795652",
      "name": "充值",
      "font_class": "chongzhi",
      "unicode": "e601",
      "unicode_decimal": 58881
    },
    {
      "icon_id": "8298240",
      "name": "服务器 数据传输 性能",
      "font_class": "myicon-",
      "unicode": "e604",
      "unicode_decimal": 58884
    },
    {
      "icon_id": "8606661",
      "name": "网站",
      "font_class": "wangzhan",
      "unicode": "e6a8",
      "unicode_decimal": 59048
    },
    {
      "icon_id": "9161160",
      "name": "实名",
      "font_class": "shiming",
      "unicode": "e61e",
      "unicode_decimal": 58910
    },
    {
      "icon_id": "9294822",
      "name": "主机",
      "font_class": "zhuji1",
      "unicode": "e605",
      "unicode_decimal": 58885
    },
    {
      "icon_id": "9776532",
      "name": "接口",
      "font_class": "jiekou",
      "unicode": "e641",
      "unicode_decimal": 58945
    },
    {
      "icon_id": "10691305",
      "name": "插件",
      "font_class": "xingzhuangjiehe",
      "unicode": "e606",
      "unicode_decimal": 58886
    }
  ]
}
